{"judiciary":0.0,"climate":0.0,"drilling":0.0,"public right to know":0.1245283019,"energy":0.1257861635,"environmental justice":0.0,"air":0.0,"public lands":0.0,"toxics":0.1245283019,"water":0.2503144654,"justice and democracy":0.0,"transportation":0.2503144654,"other":0.1245283019,"forests":0.1245283019,"lands":0.1245283019,"agriculture":0.0,"wildlife":0.2503144654,"oceans":0.1257861635}
{"judiciary":0.0,"climate":0.0,"drilling":0.0,"public right to know":0.0904936015,"energy":0.0904936015,"environmental justice":0.0,"air":0.0,"public lands":0.0,"toxics":0.0904936015,"water":0.0,"justice and democracy":0.0,"transportation":0.273308958,"other":0.0904936015,"forests":0.365630713,"lands":0.365630713,"agriculture":0.0,"wildlife":0.1809872029,"oceans":0.1809872029}
{"judiciary":0.0,"climate":0.0,"drilling":0.0769230769,"public right to know":0.0,"energy":0.3846153846,"environmental justice":0.0,"air":0.0769230769,"public lands":0.0,"toxics":0.0,"water":0.0769230769,"justice and democracy":0.0,"transportation":0.5384615385,"other":0.0769230769,"forests":0.2307692308,"lands":0.2307692308,"agriculture":0.0,"wildlife":0.0,"oceans":0.0}
{"judiciary":0.0,"climate":0.0,"drilling":0.0,"public right to know":0.25,"energy":0.125,"environmental justice":0.0,"air":0.0,"public lands":0.0,"toxics":0.25,"water":0.375,"justice and democracy":0.0,"transportation":0.0,"other":0.25,"forests":0.25,"lands":0.25,"agriculture":0.0,"wildlife":0.0,"oceans":0.0}
{"judiciary":0.0,"climate":0.0,"drilling":0.153369481,"public right to know":0.0,"energy":0.6150271108,"environmental justice":0.0,"air":0.0,"public lands":0.0,"toxics":0.0,"water":0.0774593338,"justice and democracy":0.0,"transportation":0.1541440744,"other":0.0766847405,"forests":0.0774593338,"lands":0.0774593338,"agriculture":0.0,"wildlife":0.0774593338,"oceans":0.0766847405}
{"judiciary":0.0,"climate":0.0,"drilling":0.0,"public right to know":0.0555555556,"energy":0.1111111111,"environmental justice":0.0,"air":0.2222222222,"public lands":0.0,"toxics":0.0555555556,"water":0.2222222222,"justice and democracy":0.0,"transportation":0.0555555556,"other":0.1111111111,"forests":0.2777777778,"lands":0.2777777778,"agriculture":0.0,"wildlife":0.0,"oceans":0.0555555556}
{"judiciary":0.0,"climate":0.0,"drilling":0.1153846154,"public right to know":0.0,"energy":0.5384615385,"environmental justice":0.0,"air":0.1153846154,"public lands":0.0,"toxics":0.0,"water":0.2692307692,"justice and democracy":0.0,"transportation":0.0769230769,"other":0.0384615385,"forests":0.2692307692,"lands":0.2692307692,"agriculture":0.0,"wildlife":0.0384615385,"oceans":0.0}
{"judiciary":0.0,"climate":0.0,"drilling":0.0,"public right to know":0.0,"energy":0.1257861635,"environmental justice":0.0,"air":0.0,"public lands":0.0,"toxics":0.0,"water":0.2503144654,"justice and democracy":0.0,"transportation":0.251572327,"other":0.1257861635,"forests":0.3710691824,"lands":0.3710691824,"agriculture":0.0,"wildlife":0.251572327,"oceans":0.0}
{"judiciary":0.0,"climate":0.0,"drilling":0.0,"public right to know":0.0,"energy":0.5625,"environmental justice":0.0,"air":0.0625,"public lands":0.0,"toxics":0.0,"water":0.25,"justice and democracy":0.0,"transportation":0.0,"other":0.1875,"forests":0.25,"lands":0.25,"agriculture":0.0,"wildlife":0.1875,"oceans":0.0}
{"judiciary":0.0,"climate":0.0,"drilling":0.0,"public right to know":0.0,"energy":0.2861230329,"environmental justice":0.0,"air":0.0715307582,"public lands":0.0,"toxics":0.0,"water":0.2138769671,"justice and democracy":0.0,"transportation":0.0,"other":0.2138769671,"forests":0.5007153076,"lands":0.5007153076,"agriculture":0.0,"wildlife":0.4291845494,"oceans":0.0}
{"judiciary":0.0,"climate":0.0,"drilling":0.0,"public right to know":0.125,"energy":0.4375,"environmental justice":0.0,"air":0.0,"public lands":0.0,"toxics":0.125,"water":0.125,"justice and democracy":0.0,"transportation":0.125,"other":0.375,"forests":0.1875,"lands":0.1875,"agriculture":0.0,"wildlife":0.125,"oceans":0.0}
{"judiciary":0.0,"climate":0.0,"drilling":0.0,"public right to know":0.5385208012,"energy":0.3844375963,"environmental justice":0.0,"air":0.0,"public lands":0.0,"toxics":0.5385208012,"water":0.0770416025,"justice and democracy":0.0,"transportation":0.0770416025,"other":0.3073959938,"forests":0.1540832049,"lands":0.1540832049,"agriculture":0.0,"wildlife":0.0,"oceans":0.0}
{"judiciary":0.0,"climate":0.0,"drilling":0.1116071429,"public right to know":0.2220982143,"energy":0.5558035714,"environmental justice":0.0,"air":0.0,"public lands":0.0,"toxics":0.2220982143,"water":0.3325892857,"justice and democracy":0.0,"transportation":0.0,"other":0.2232142857,"forests":0.3325892857,"lands":0.3325892857,"agriculture":0.0,"wildlife":0.4441964286,"oceans":0.0}
{"judiciary":0.0,"climate":0.0,"drilling":0.0,"public right to know":0.2222222222,"energy":0.5555555556,"environmental justice":0.0,"air":0.0,"public lands":0.0,"toxics":0.2222222222,"water":0.1111111111,"justice and democracy":0.0,"transportation":0.0,"other":0.1111111111,"forests":0.2222222222,"lands":0.2222222222,"agriculture":0.0,"wildlife":0.1111111111,"oceans":0.0}
{"judiciary":0.0,"climate":0.0,"drilling":0.0,"public right to know":0.2857142857,"energy":0.2857142857,"environmental justice":0.0,"air":0.0,"public lands":0.0,"toxics":0.2857142857,"water":0.2857142857,"justice and democracy":0.0,"transportation":0.1428571429,"other":0.1428571429,"forests":0.0,"lands":0.0,"agriculture":0.0,"wildlife":0.0,"oceans":0.0}
{"judiciary":0.0,"climate":0.0,"drilling":0.2,"public right to know":0.4,"energy":0.2,"environmental justice":0.0,"air":0.0,"public lands":0.0,"toxics":0.4,"water":0.2,"justice and democracy":0.0,"transportation":0.2,"other":0.0,"forests":0.4,"lands":0.4,"agriculture":0.0,"wildlife":0.4,"oceans":0.0}
{"judiciary":0.0,"climate":0.0,"drilling":0.0,"public right to know":0.0,"energy":0.6,"environmental justice":0.0,"air":0.0,"public lands":0.0,"toxics":0.0,"water":0.2,"justice and democracy":0.0,"transportation":0.0,"other":0.2,"forests":0.0,"lands":0.0,"agriculture":0.0,"wildlife":0.0,"oceans":0.0}
{"judiciary":0.0,"climate":0.0,"drilling":0.0,"public right to know":0.4,"energy":0.4,"environmental justice":0.0,"air":0.2,"public lands":0.0,"toxics":0.4,"water":0.0,"justice and democracy":0.0,"transportation":0.0,"other":0.0,"forests":0.2,"lands":0.2,"agriculture":0.0,"wildlife":0.4,"oceans":0.0}
{"judiciary":0.0,"climate":0.0,"drilling":0.2,"public right to know":0.0,"energy":0.4,"environmental justice":0.0,"air":0.0,"public lands":0.0,"toxics":0.0,"water":0.1,"justice and democracy":0.0,"transportation":0.0,"other":0.1,"forests":0.4,"lands":0.4,"agriculture":0.0,"wildlife":0.1,"oceans":0.1}
{"judiciary":0.0,"climate":0.0834028357,"drilling":0.0,"public right to know":0.3336113428,"energy":0.2502085071,"environmental justice":0.0,"air":0.6672226856,"public lands":0.0,"toxics":0.3336113428,"water":0.0834028357,"justice and democracy":0.0,"transportation":0.2502085071,"other":0.3336113428,"forests":0.165971643,"lands":0.165971643,"agriculture":0.0,"wildlife":0.0834028357,"oceans":0.0}
{"judiciary":0.0,"climate":0.0,"drilling":0.1335113485,"public right to know":0.1335113485,"energy":0.4672897196,"environmental justice":0.0,"air":0.1335113485,"public lands":0.0,"toxics":0.1335113485,"water":0.2002670227,"justice and democracy":0.0,"transportation":0.2002670227,"other":0.2002670227,"forests":0.4005340454,"lands":0.4005340454,"agriculture":0.0,"wildlife":0.3324432577,"oceans":0.0}
{"judiciary":0.0,"climate":0.0,"drilling":0.1669449082,"public right to know":0.1661101836,"energy":0.5008347245,"environmental justice":0.0,"air":0.0,"public lands":0.0,"toxics":0.1661101836,"water":0.0826377295,"justice and democracy":0.0,"transportation":0.0,"other":0.0834724541,"forests":0.4165275459,"lands":0.4165275459,"agriculture":0.0,"wildlife":0.2495826377,"oceans":0.0}
{"judiciary":0.0,"climate":0.0,"drilling":0.0,"public right to know":0.125,"energy":0.375,"environmental justice":0.0,"air":0.0625,